{
  "source": "factconsolidation_sh_32k",
  "embedding_model": "openai/text-embedding-3-small",
  "chunk_size": 512,
  "recent_token_budget": 4096,
  "window_id": "window_0000",
  "selected_chunk_ids": [
    "chunk_0000",
    "chunk_0001",
    "chunk_0002",
    "chunk_0003",
    "chunk_0004",
    "chunk_0005",
    "chunk_0006",
    "chunk_0007"
  ],
  "window_total_tokens": 4348,
  "window_item_count": 8,
  "groups_count": 65,
  "group_sentence_counts": [
    3,
    4,
    4,
    5,
    8,
    4,
    3,
    2,
    4,
    3,
    3,
    2,
    2,
    12,
    2,
    2,
    3,
    7,
    7,
    2,
    6,
    5,
    6,
    2,
    8,
    2,
    2,
    3,
    2,
    9,
    3,
    4,
    2,
    2,
    8,
    2,
    3,
    4,
    2,
    15,
    7,
    2,
    2,
    7,
    6,
    16,
    2,
    14,
    3,
    2,
    11,
    4,
    6,
    4,
    2,
    6,
    9,
    4,
    3,
    4,
    5,
    3,
    4,
    2,
    6
  ],
  "timing_seconds": {
    "sentence_split_seconds": 0.018065500000375323,
    "embedding_seconds": 6.182295099992189,
    "similarity_seconds": 0.011015299998689443,
    "partition_selection_seconds": 0.3339583000051789,
    "total_seconds": 6.547123600001214
  }
}