{
  "source": "factconsolidation_sh_32k",
  "embedding_model": "openai/text-embedding-3-small",
  "chunk_size": 512,
  "recent_token_budget": 4096,
  "window_id": "window_0000",
  "selected_chunk_ids": [
    "chunk_0000",
    "chunk_0001",
    "chunk_0002",
    "chunk_0003",
    "chunk_0004",
    "chunk_0005",
    "chunk_0006",
    "chunk_0007"
  ],
  "window_total_tokens": 4348,
  "window_item_count": 8,
  "groups_count": 25,
  "group_sentence_counts": [
    121,
    2,
    40,
    18,
    5,
    10,
    2,
    10,
    5,
    38,
    3,
    11,
    5,
    2,
    2,
    5,
    2,
    7,
    4,
    2,
    2,
    3,
    3,
    2,
    2
  ],
  "timing_seconds": {
    "sentence_split_seconds": 0.01344029999745544,
    "embedding_seconds": 5.596485099995334,
    "similarity_seconds": 0.006311400000413414,
    "graph_build_seconds": 0.040300299995578825,
    "connected_components_seconds": 0.00035339999885763973,
    "total_seconds": 5.658584199998586
  }
}